benchmark,n_runs,cycles_sum,cycles_mean,cycles_std,cycles_p95,cycles_p99,instructions_sum,instructions_mean,instructions_std,l1_loads_sum,l1_loads_mean,l1_misses_sum,l1_misses_mean,l1_miss_rate_pct,branch_misses_sum,branch_misses_mean,ipc
ae_large_f32,999,521888124,522410.5,481711.2,1008355,1037185,881958629,882841.5,590403.8,179296729,179476.2,2656916,2659.6,1.48,719021,719.7,1.6899
ae_medium_f32,999,488746431,489235.7,317675.2,718816,750887,442504981,442947.9,437716.5,122880903,123003.9,1825990,1827.8,1.49,828902,829.7,0.9054
ae_small_f32,999,240424057,240664.7,215565.1,470335,504494,368054501,368422.9,259931.9,77392083,77469.6,1208364,1209.6,1.56,769577,770.3,1.5309
iaes_large_relu_f32,999,690018497,690709.2,642719.8,1373131,1381859,1228771915,1230001.9,819377.5,249957775,250208.0,3552347,3555.9,1.42,799183,800.0,1.7808
iaes_large_sigmoid_f32,999,699766030,700466.5,671133.7,1395181,1432543,1213374045,1214588.6,844634.8,247377192,247624.8,3584042,3587.6,1.45,776708,777.5,1.7340
iaes_medium_relu_f32,999,206562593,206769.4,168627.4,372391,406983,325497098,325822.9,203918.9,66783346,66850.2,950498,951.4,1.42,744084,744.8,1.5758
iaes_medium_sigmoid_f32,999,204061647,204265.9,176995.9,392831,396589,338757643,339096.7,205513.6,66504008,66570.6,989960,991.0,1.49,832284,833.1,1.6601
iaes_small_relu_f32,999,86161516,86247.8,36020.3,112371,135889,91027209,91118.3,38567.7,13934865,13948.8,83053,83.1,0.60,1004378,1005.4,1.0565
iaes_small_sigmoid_f32,999,73803077,73877.0,45021.0,119373,197663,95284451,95379.8,42964.4,16452182,16468.7,109120,109.2,0.66,902733,903.6,1.2911
mlp_large_relu_f32,999,662219732,662882.6,643437.3,1338028,1379811,1162586303,1163750.1,834181.2,241543382,241785.2,3527470,3531.0,1.46,808700,809.5,1.7556
mlp_large_sigmoid_f32,999,669473907,670144.1,658396.9,1367397,1404923,1197797820,1198996.8,839445.1,246212990,246459.4,3634035,3637.7,1.48,764810,765.6,1.7892
mlp_medium_relu_f32,999,184459877,184644.5,163014.6,366311,394031,294740884,295035.9,207051.5,34296988,34331.3,865864,866.7,2.52,1574920,1576.5,1.5979
mlp_medium_sigmoid_f32,999,168039161,168207.4,170242.0,386227,388190,345523365,345869.2,195744.9,68060216,68128.3,997689,998.7,1.47,692597,693.3,2.0562
mlp_small_relu_f32,999,64725567,64790.4,37010.3,108857,115519,82605868,82688.6,40357.2,17754770,17772.5,69163,69.2,0.39,720259,721.0,1.2762
mlp_small_sigmoid_f32,999,85507571,85593.2,38663.3,118122,143608,80630843,80711.6,45712.1,19058034,19077.1,72377,72.4,0.38,662403,663.1,0.9430
ae_large_f64,999,144653196,144798.0,127464.4,292763,293844,142187972,142330.3,85651.4,21588096,21609.7,2556329,2558.9,11.84,1198044,1199.2,0.9830
ae_medium_f64,999,135906779,136042.8,108687.6,253421,254426,125584172,125709.9,72299.1,23111167,23134.3,1987158,1989.1,8.60,645449,646.1,0.9240
ae_small_f64,999,114220528,114334.9,86302.7,213386,214132,106551022,106657.7,59440.8,17347681,17365.0,1164178,1165.3,6.71,1097424,1098.5,0.9329
iaes_large_sigmoid_f64,999,91537676,91629.3,57450.7,154515,156106,79270434,79349.8,40495.1,15659368,15675.0,765559,766.3,4.89,1099374,1100.5,0.8660
iaes_medium_sigmoid_f64,999,49333389,49382.8,32970.0,113486,114879,61812431,61874.3,27327.4,13393055,13406.5,682490,683.2,5.10,578690,579.3,1.2530
iaes_small_sigmoid_f64,999,46958076,47005.1,17106.3,69845,71586,45688206,45733.9,14029.9,9459817,9469.3,88781,88.9,0.94,772721,773.5,0.9730
mlp_large_sigmoid_f64,999,88726811,88815.6,56807.3,150232,169206,71503648,71575.2,41386.0,15071982,15087.1,946189,947.1,6.28,784644,785.4,0.8059
mlp_medium_sigmoid_f64,999,61632681,61694.4,34617.9,109894,111075,58976374,59035.4,27201.8,11433998,11445.4,504858,505.4,4.42,1096236,1097.3,0.9569
mlp_small_sigmoid_f64,999,39030833,39069.9,14546.6,67250,67782,45643897,45689.6,12057.1,10064854,10074.9,30307,30.3,0.30,537680,538.2,1.1694
ae_large_f32,999,167496807,167664.5,134450.2,305848,335812,182406947,182589.5,109333.9,32475852,32508.4,2561918,2564.5,7.89,1866536,1868.4,1.0890
ae_large_int8,999,236489603,236726.3,211678.4,461007,492947,308385460,308694.2,202905.8,82700586,82783.4,718699,719.4,0.87,1515930,1517.4,1.3040
ae_medium_f32,999,173846952,174021.0,91177.2,236680,266665,111654626,111766.4,87994.3,24149024,24173.2,1921335,1923.3,7.96,1236041,1237.3,0.6423
ae_medium_int8,999,143938480,144082.6,149834.5,345715,353286,264928094,265193.3,126347.8,68643245,68712.0,440442,440.9,0.64,773937,774.7,1.8406
ae_small_f32,999,112320103,112432.5,72573.3,181344,182043,107892408,108000.4,56406.0,19714968,19734.7,1259709,1261.0,6.39,837519,838.4,0.9606
ae_small_int8,999,128722894,128851.7,104583.9,245504,246456,177029139,177206.3,85645.3,35419653,35455.1,291763,292.1,0.82,1513855,1515.4,1.3753
cnn_intermediate_f32,999,18815778627,18834613.2,11679775.9,37448365,37524070,19147716080,19166883.0,7635800.7,4621704231,4626330.6,448618430,449067.5,9.71,3995929,3999.9,1.0176
cnn_intermediate_int8,999,77695130880,77772903.8,9661167.9,89978159,89981855,150941423442,151092516.0,13048781.6,15105551890,15120672.6,55427277,55482.8,0.37,7482006,7489.5,1.9427
cnn_mobilenet_f32,999,57171823061,57229052.1,9549156.6,69958545,70642714,62924879319,62987867.2,7975609.4,16691601370,16708309.7,685887906,686574.5,4.11,6476958,6483.4,1.1006
cnn_mobilenet_int8,999,223707213238,223931144.4,34131394.2,271963930,272854499,351401272994,351753026.0,25374500.0,36288649379,36324974.4,164633404,164798.2,0.45,20871435,20892.3,1.5708
cnn_simple_f32,999,3618406105,3622028.1,3388345.9,7237942,7369026,3882274596,3886160.8,2536019.3,883574526,884459.0,65277891,65343.2,7.39,2710836,2713.5,1.0729
cnn_simple_int8,999,13448328181,13461790.0,10371054.9,26887577,26997343,25471898117,25497395.5,13421618.6,2748579740,2751331.1,8356022,8364.4,0.30,3184187,3187.4,1.8941
lstm_h128_f32,999,6274312004,6280592.6,5514070.5,12203002,12280870,6600103881,6606710.6,4167632.4,1081649527,1082732.3,88091636,88179.8,8.14,19745632,19765.4,1.0519
lstm_h128_int8,999,8469729121,8478207.3,7306589.6,16922404,16976137,11503119243,11514633.9,6897756.0,2790260696,2793053.7,29217988,29247.2,1.05,16195357,16211.6,1.3581
lstm_h32_f32,999,1054194502,1055249.8,1020599.5,2116552,2154564,1171326004,1172498.5,791535.0,201933500,202135.6,5924224,5930.2,2.93,19834361,19854.2,1.1111
lstm_h32_int8,999,1304066375,1305371.7,1245368.9,2605487,2895553,1562718509,1564282.8,1070006.8,287070479,287357.8,4059872,4063.9,1.41,22052138,22074.2,1.1983
lstm_h64_f32,999,2302937192,2305242.4,2199987.2,4609987,4741671,2428128366,2430558.9,1630700.3,396164231,396560.8,29505528,29535.1,7.45,15606629,15622.3,1.0544
lstm_h64_int8,999,2903905894,2906812.7,2720756.8,5820623,5917075,3780336111,3784120.2,2491519.3,938988311,939928.2,7951791,7959.8,0.85,15156227,15171.4,1.3018
iaes_large_relu_f32,999,199317535,199517.1,168786.0,373857,407170,227373846,227601.4,143510.7,36083755,36119.9,3632861,3636.5,10.07,1197568,1198.8,1.1408
iaes_large_relu_int8,999,313331319,313645.0,280512.5,605834,646918,420574600,420995.6,275725.8,77966095,78044.1,1088897,1090.0,1.40,1620252,1621.9,1.3423
iaes_large_sigmoid_f32,999,215630256,215846.1,199449.5,434457,462345,247812327,248060.4,156031.4,51344252,51395.6,2997843,3000.8,5.84,1116008,1117.1,1.1492
iaes_large_sigmoid_int8,999,374590749,374965.7,302482.6,651525,682416,452035702,452488.2,282122.2,110975203,111086.3,994065,995.1,0.90,1263506,1264.8,1.2067
iaes_medium_relu_f32,999,101713009,101814.8,50714.6,145383,169281,82601275,82684.0,46401.7,18851077,18869.9,790926,791.7,4.20,1370566,1371.9,0.8121
iaes_medium_relu_int8,999,88610706,88699.4,75577.5,203275,204962,113840859,113954.8,82498.5,15228749,15244.0,401589,402.0,2.64,1202249,1203.5,1.2847
iaes_medium_sigmoid_f32,999,99017588,99116.7,69366.5,173541,176651,97554011,97651.7,50639.4,17799954,17817.8,1069618,1070.7,6.01,991995,993.0,0.9852
iaes_medium_sigmoid_int8,999,124731311,124856.2,94454.9,226227,227710,138475002,138613.6,84077.3,35637816,35673.5,436779,437.2,1.23,897030,897.9,1.1102
iaes_small_relu_f32,999,54173301,54227.5,21433.1,79441,93388,50720982,50771.8,17843.4,10540223,10550.8,139310,139.4,1.32,1229256,1230.5,0.9363
iaes_small_relu_int8,999,55486174,55541.7,27364.6,93426,95149,56746267,56803.1,23528.5,12321205,12333.5,109703,109.8,0.89,1037253,1038.3,1.0227
iaes_small_sigmoid_f32,999,56292392,56348.7,28394.7,90735,91369,53290791,53344.1,21301.0,11733985,11745.7,187859,188.0,1.60,717067,717.8,0.9467
iaes_small_sigmoid_int8,999,62414926,62477.4,31719.0,103391,104061,59182163,59241.4,27111.9,9906782,9916.7,115168,115.3,1.16,1437469,1438.9,0.9482
mlp_large_relu_f32,999,169330436,169499.9,165017.7,368670,371094,233623745,233857.6,138329.8,58128354,58186.5,2305196,2307.5,3.97,857037,857.9,1.3797
mlp_large_relu_int8,999,293078708,293372.1,277869.2,592492,622889,418193162,418611.8,273104.3,112851251,112964.2,681399,682.1,0.60,978230,979.2,1.4269
mlp_large_sigmoid_f32,999,233707537,233941.5,196789.5,430035,459742,254386372,254641.0,151959.1,41639975,41681.7,3520941,3524.5,8.46,958774,959.7,1.0885
mlp_large_sigmoid_int8,999,311678650,311990.6,299159.6,638757,675544,424147261,424571.8,288016.4,113487220,113600.8,1238763,1240.0,1.09,1036014,1037.1,1.3608
mlp_medium_relu_f32,999,94764239,94859.1,52822.1,145932,157185,87543837,87631.5,41929.3,17650699,17668.4,844627,845.5,4.79,1374924,1376.3,0.9238
mlp_medium_relu_int8,999,119385484,119505.0,80714.1,197909,218944,138435455,138574.0,72483.0,31788118,31819.9,278914,279.2,0.88,1003986,1005.0,1.1596
mlp_medium_sigmoid_f32,999,105684593,105790.4,68043.0,171551,172788,103216701,103320.0,46885.1,13330528,13343.9,1127493,1128.6,8.46,2174201,2176.4,0.9766
mlp_medium_sigmoid_int8,999,102064143,102166.3,89485.0,218665,220520,159236856,159396.3,70149.7,35400615,35436.1,222988,223.2,0.63,922933,923.9,1.5602
mlp_small_relu_f32,999,53832799,53886.7,23307.3,77825,96300,50903546,50954.5,18524.9,10074534,10084.6,158323,158.5,1.57,709879,710.6,0.9456
mlp_small_relu_int8,999,69712854,69782.6,25002.5,91252,106652,60141914,60202.1,23512.8,12154862,12167.0,74198,74.3,0.61,1291081,1292.4,0.8627
mlp_small_sigmoid_f32,999,63396442,63459.9,27363.9,89970,92464,54496477,54551.0,20611.0,11921165,11933.1,158897,159.1,1.33,809971,810.8,0.8596
mlp_small_sigmoid_int8,999,70299768,70370.1,31893.8,101201,102688,63033630,63096.7,24006.7,13307152,13320.5,75116,75.2,0.56,1317203,1318.5,0.8966
ae_large_f32,999,98468316,98566.9,67463.3,171157,172273,98575611,98674.3,56434.7,21167911,21189.1,1071662,1072.7,5.06,952115,953.1,1.0011
ae_medium_f32,999,86837385,86924.3,58143.3,152921,157133,87166738,87254.0,45342.6,18891339,18910.2,819954,820.8,4.34,1199687,1200.9,1.0038
ae_small_f32,999,83853095,83937.0,50167.5,136087,137049,86844275,86931.2,33453.4,19134860,19154.0,586008,586.6,3.06,999447,1000.4,1.0357
cnn_intermediate_f32,999,2419886255,2422308.6,2063370.3,3651729,3863712,1745086168,1746833.0,1954700.7,372624085,372997.1,27912739,27940.7,7.49,2988196,2991.2,0.7211
cnn_mobilenet_f32,999,14298819641,14313132.8,10035832.2,25362635,25580715,13790248145,13804052.2,7780341.3,3028212022,3031243.3,136960189,137097.3,4.52,4010738,4014.8,0.9644
cnn_simple_f32,999,544249434,544794.2,520168.7,1086227,1124523,618319115,618938.1,428697.8,100269384,100369.8,7019400,7026.4,7.00,1880062,1881.9,1.1361
lstm_h128_f32,999,1681207258,1682890.1,2048021.8,3204343,3321651,2011463222,2013476.7,2753576.7,343093286,343436.7,27648346,27676.0,8.06,2697511,2700.2,1.1964
lstm_h32_f32,999,288029487,288317.8,265447.4,578204,597896,309110126,309419.5,208548.9,66865020,66932.0,1325095,1326.4,1.98,2248442,2250.7,1.0732
lstm_h64_f32,999,590158265,590749.0,576828.5,1201735,1240800,676313516,676990.5,452445.4,138644384,138783.2,7639414,7647.1,5.51,2300614,2302.9,1.1460
iaes_large_relu_f32,999,116439526,116556.1,73770.7,183660,205231,115309970,115425.4,53601.1,23018778,23041.8,1258704,1260.0,5.47,846242,847.1,0.9903
iaes_large_sigmoid_f32,999,112382782,112495.3,77866.2,195557,197755,103869464,103973.4,61224.0,20475778,20496.3,1322055,1323.4,6.46,1463485,1464.9,0.9242
iaes_medium_relu_f32,999,93057205,93150.4,31867.2,112557,136020,68803141,68872.0,29853.0,12717506,12730.2,471539,472.0,3.71,1352794,1354.1,0.7394
iaes_medium_sigmoid_f32,999,108733753,108842.6,713489.7,119069,133006,136851814,136988.8,1101018.8,31755193,31787.0,474454,474.9,1.49,1637407,1639.0,1.2586
iaes_small_relu_f32,999,64071750,64135.9,25888.1,90229,107718,49715984,49765.7,21183.2,11760884,11772.7,186077,186.3,1.58,1059590,1060.7,0.7759
iaes_small_sigmoid_f32,999,57273312,57330.6,27859.6,91825,92689,50128494,50178.7,21990.9,12410576,12423.0,188887,189.1,1.52,1049955,1051.0,0.8753
mlp_large_relu_f32,999,109474755,109584.3,73378.5,183377,184683,117144228,117261.5,51053.3,21987966,22010.0,917155,918.1,4.17,1725897,1727.6,1.0701
mlp_large_sigmoid_f32,999,111635754,111747.5,79870.6,196237,197680,109727764,109837.6,60523.5,19551436,19571.0,1322041,1323.4,6.76,1662515,1664.2,0.9829
mlp_medium_relu_f32,999,80743547,80824.4,36764.7,112706,122235,54312416,54366.8,30863.4,14445253,14459.7,389186,389.6,2.69,1269458,1270.7,0.6727
mlp_medium_sigmoid_f32,999,74740402,74815.2,40352.5,118131,119909,68127957,68196.2,29373.9,13956306,13970.3,391110,391.5,2.80,1381078,1382.5,0.9115
mlp_small_relu_f32,999,68998338,69067.4,25160.6,90438,108392,48253457,48301.8,22544.5,7385746,7393.1,215197,215.4,2.91,1972498,1974.5,0.6993
mlp_small_sigmoid_f32,999,56943773,57000.8,26411.7,92096,93858,56182760,56239.0,20534.4,10956003,10967.0,203123,203.3,1.85,1298914,1300.2,0.9866
ae_large_f32,999,183905704,184089.8,157413.0,352533,387192,179838192,180018.2,101074.8,36364569,36401.0,2274718,2277.0,6.26,4731847,4736.6,0.9779
ae_large_int8,999,560063134,560623.8,497295.3,1039808,1083870,684890061,685575.6,444504.0,172632022,172804.8,2809941,2812.8,1.63,8398764,8407.2,1.2229
ae_medium_f32,999,150218666,150369.0,128121.9,294085,299107,140082663,140222.9,81329.5,29075763,29104.9,2605969,2608.6,8.96,2827922,2830.8,0.9325
ae_medium_int8,999,420262523,420683.2,377206.0,797571,838656,500139694,500640.3,324795.8,125905615,126031.6,2304514,2306.8,1.83,7615626,7623.2,1.1901
ae_small_f32,999,126780830,126907.7,102567.8,242032,243840,104252514,104356.9,64525.5,24333360,24357.7,1842641,1844.5,7.57,2424244,2426.7,0.8223
ae_small_int8,999,322861869,323185.1,277489.5,595509,636327,351036278,351387.7,219965.2,86736197,86823.0,1777987,1779.8,2.05,6826707,6833.5,1.0873
cnn_intermediate_f32,999,24500636055,24525161.2,11229860.2,43837793,45014258,27411060406,27438498.9,8140322.4,5113550813,5118669.5,228043661,228271.9,4.46,10975021,10986.0,1.1188
cnn_intermediate_int8,999,21104638216,21125764.0,12844545.7,41200572,41886944,40226346486,40266613.1,16149760.2,10451417480,10461879.4,22066397,22088.5,0.21,13572242,13585.8,1.9060
cnn_mobilenet_f32,999,66843620698,66910531.2,12264439.0,81498275,82058027,59920135175,59980115.3,8931910.0,12352859615,12365224.8,416910077,417327.4,3.38,10876060,10886.9,0.8964
cnn_mobilenet_int8,999,58715292187,58774066.3,10159141.3,72208094,72644050,98568419608,98667086.7,12292112.1,33127445264,33160605.9,77700954,77778.7,0.23,11751460,11763.2,1.6788
cnn_simple_f32,999,8527690759,8536227.0,7334061.0,16995448,17260128,8811720947,8820541.5,5279975.0,1738373642,1740113.8,37316533,37353.9,2.15,8202677,8210.9,1.0333
cnn_simple_int8,999,4143994865,4148143.0,3640218.8,8180468,8266344,7328176763,7335512.3,4555140.4,2479641331,2482123.5,5807148,5813.0,0.23,6028930,6035.0,1.7684
lstm_h128_f32,999,4377201830,4381583.4,4059759.4,8742364,8922474,4822357828,4827185.0,3139214.6,951086000,952038.0,88297911,88386.3,9.28,7596969,7604.6,1.1017
lstm_h128_int8,999,4406421584,4410832.4,4084283.3,8782116,9053018,4864231004,4869100.1,3139357.3,944265580,945210.8,88714046,88802.8,9.40,9380002,9389.4,1.1039
lstm_h32_f32,999,528101382,528630.0,512069.8,1069555,1110850,601920542,602523.1,425423.3,103880612,103984.6,1958001,1960.0,1.88,6204463,6210.7,1.1398
lstm_h32_int8,999,590653814,591245.1,527009.9,1101098,1146343,655548191,656204.4,416822.3,127287800,127415.2,1944184,1946.1,1.53,9875246,9885.1,1.1099
lstm_h64_f32,999,1479924496,1481405.9,1393990.1,2970925,3015740,1564831940,1566398.3,1045809.9,355512155,355868.0,21080194,21101.3,5.93,7497404,7504.9,1.0574
lstm_h64_int8,999,1486156734,1487644.4,1440903.5,3014546,3025897,1592243688,1593837.5,1072581.1,293288327,293581.9,24353595,24378.0,8.30,7770192,7778.0,1.0714
iaes_large_relu_f32,999,194743811,194938.7,185864.6,411560,422306,216123230,216339.6,129360.0,44695278,44740.0,4357832,4362.2,9.75,2563702,2566.3,1.1098
iaes_large_relu_int8,999,679992818,680673.5,644795.8,1357601,1382517,890860798,891752.6,604424.2,229747085,229977.1,5321451,5326.8,2.32,4980239,4985.2,1.3101
iaes_large_sigmoid_f32,999,239003441,239242.7,203478.0,444095,480696,227065303,227292.6,139252.9,49171538,49220.8,4100813,4104.9,8.34,2919073,2922.0,0.9501
iaes_large_sigmoid_int8,999,720213712,720934.6,654362.5,1407470,1460940,886520949,887408.4,609242.1,224278789,224503.3,4191071,4195.3,1.87,5875103,5881.0,1.2309
iaes_medium_relu_f32,999,119323173,119442.6,85203.0,207152,236056,97729601,97827.4,50709.3,21942089,21964.1,1592423,1594.0,7.26,2367063,2369.4,0.8190
iaes_medium_relu_int8,999,233173708,233407.1,213030.7,467632,520217,261048356,261309.7,179192.9,69078228,69147.4,1686938,1688.6,2.44,3822729,3826.6,1.1195
iaes_medium_sigmoid_f32,999,54834883,54889.8,62595.3,217181,221569,127923581,128051.6,35183.7,35764803,35800.6,446198,446.6,1.25,754254,755.0,2.3329
iaes_medium_sigmoid_int8,999,310125057,310435.5,214755.6,481471,520631,241886168,242128.3,190255.6,65855343,65921.3,1695176,1696.9,2.57,4842696,4847.5,0.7800
iaes_small_relu_f32,999,82425622,82508.1,53417.6,142074,169348,62050794,62112.9,29812.6,15328860,15344.2,678393,679.1,4.43,1826516,1828.3,0.7528
iaes_small_relu_int8,999,117465754,117583.3,94928.9,229850,252924,105491131,105596.7,61097.7,24620786,24645.4,862845,863.7,3.50,3800871,3804.7,0.8981
iaes_small_sigmoid_f32,999,80763642,80844.5,53541.2,148413,161216,67825534,67893.4,30319.3,15683880,15699.6,606212,606.8,3.87,2544069,2546.6,0.8398
iaes_small_sigmoid_int8,999,135634376,135770.1,102452.1,243131,277704,111258636,111370.0,63479.6,26663663,26690.4,972823,973.8,3.65,3827129,3831.0,0.8203
mlp_large_relu_f32,999,227427713,227655.4,184565.3,406981,447024,213626612,213840.5,127629.4,51103868,51155.0,3828083,3831.9,7.49,2792454,2795.2,0.9393
mlp_large_relu_int8,999,882011981,882894.9,597451.8,1354474,1369450,726420023,727147.2,630750.4,221017834,221239.1,5977736,5983.7,2.70,4496113,4500.6,0.8236
mlp_large_sigmoid_f32,999,224950396,225175.6,201024.3,445042,481559,208425603,208634.2,142712.3,45405004,45450.5,4200779,4205.0,9.25,3215205,3218.4,0.9265
mlp_large_sigmoid_int8,999,699274138,699974.1,642071.0,1376217,1395715,903648386,904552.9,593044.5,229264623,229494.1,4748122,4752.9,2.07,6957253,6964.2,1.2923
mlp_medium_relu_f32,999,147033256,147180.4,76049.9,202222,233285,81581865,81663.5,53587.7,21557815,21579.4,1441858,1443.3,6.69,2819675,2822.5,0.5549
mlp_medium_relu_int8,999,243445519,243689.2,204401.0,446811,485507,268889924,269159.1,170275.7,66182256,66248.5,1577012,1578.6,2.38,3748577,3752.3,1.1045
mlp_medium_sigmoid_f32,999,122456099,122578.7,89727.5,217582,219979,87639469,87727.2,56931.3,20541128,20561.7,1127170,1128.3,5.49,4763889,4768.7,0.7157
mlp_medium_sigmoid_int8,999,260485456,260746.2,214992.1,467203,495934,274215772,274490.3,176001.4,73761770,73835.6,1819358,1821.2,2.47,3388216,3391.6,1.0527
mlp_small_relu_f32,999,96214365,96310.7,51504.3,140735,170370,71711598,71783.4,23060.8,13707450,13721.2,508914,509.4,3.71,2965915,2968.9,0.7453
mlp_small_relu_int8,999,119218198,119337.5,92301.8,221668,256271,101244204,101345.5,58848.1,24737776,24762.5,901055,902.0,3.64,3400488,3403.9,0.8492
mlp_small_sigmoid_f32,999,81426024,81507.5,55361.2,146300,147141,68311912,68380.3,29113.1,15572312,15587.9,637911,638.5,4.10,1824910,1826.7,0.8389
mlp_small_sigmoid_int8,999,122546251,122668.9,100538.5,238162,243268,116157519,116273.8,58843.3,28086207,28114.3,949262,950.2,3.38,3021936,3025.0,0.9479
